--------------------------------------------------------
--  文件已创建 - 星期四-八月-08-2019   
--------------------------------------------------------
--------------------------------------------------------
--  DDL for View UOL_LABMEMBERVIEW
--------------------------------------------------------

  CREATE OR REPLACE FORCE VIEW "SCOTT"."UOL_LABMEMBERVIEW" ("MEMBERNAME", "MEMBERID", "SEX", "GRADE", "BIRTHPLACE", "PHONENUMBER", "EMAIL", "SCHOOLNAME", "SCHOOLID", "DEPTNAME", "DEPTID", "MAJORNAME", "MAJORID", "SCHOOLJOB", "JOINDATE", "CERTIFICATE", "STATUS", "LABJOB", "TRAINNING", "SKILL", "REMARK") AS 
  SELECT MEMBERNAME,MEMBERID,SEX,GRADE,BIRTHPLACE,PHONENUMBER,EMAIL, s.schoolname,lm.schoolid,d.deptname,lm.deptid,m.majorname,lm.majorid, SCHOOLJOB,JOINDATE,CERTIFICATE,STATUS,LABJOB,TRAINNING,SKILL,REMARK
FROM uol_labmember lm INNER JOIN uol_school  s  ON lm.schoolid=s.schoolid 
INNER JOIN uol_department d  ON lm.deptid = d.deptid
INNER JOIN uol_major  m  ON lm.majorid = m.majorid
;
--------------------------------------------------------
--  DDL for Table UOL_MAJOR
--------------------------------------------------------

  CREATE TABLE "SCOTT"."UOL_MAJOR" 
   (	"MAJORID" VARCHAR2(50 BYTE), 
	"MAJORNAME" VARCHAR2(20 BYTE), 
	"MAJORINFO" VARCHAR2(200 BYTE), 
	"DEPTID" VARCHAR2(20 BYTE), 
	"SCHOOLID" VARCHAR2(20 BYTE)
   ) SEGMENT CREATION IMMEDIATE 
  PCTFREE 10 PCTUSED 40 INITRANS 1 MAXTRANS 255 NOCOMPRESS LOGGING
  STORAGE(INITIAL 65536 NEXT 1048576 MINEXTENTS 1 MAXEXTENTS 2147483645
  PCTINCREASE 0 FREELISTS 1 FREELIST GROUPS 1 BUFFER_POOL DEFAULT FLASH_CACHE DEFAULT CELL_FLASH_CACHE DEFAULT)
  TABLESPACE "USERS" ;
 

   COMMENT ON COLUMN "SCOTT"."UOL_MAJOR"."MAJORID" IS '专业ID';
 
   COMMENT ON COLUMN "SCOTT"."UOL_MAJOR"."MAJORNAME" IS '专业名称';
 
   COMMENT ON COLUMN "SCOTT"."UOL_MAJOR"."MAJORINFO" IS '装也备注信息';
 
   COMMENT ON COLUMN "SCOTT"."UOL_MAJOR"."DEPTID" IS '所在系部ID';
 
   COMMENT ON COLUMN "SCOTT"."UOL_MAJOR"."SCHOOLID" IS '所在院校';
--------------------------------------------------------
--  DDL for Table UOL_COURSEMEMBER
--------------------------------------------------------

  CREATE TABLE "SCOTT"."UOL_COURSEMEMBER" 
   (	"MEMBERID" VARCHAR2(50 BYTE), 
	"COURSEDATE" DATE, 
	"MEMBERNAME" VARCHAR2(20 BYTE), 
	"SEX" VARCHAR2(20 BYTE), 
	"SCHOOL" VARCHAR2(20 BYTE), 
	"DEPARTMENT" VARCHAR2(20 BYTE), 
	"GRADE" VARCHAR2(20 BYTE), 
	"PHONENUMBER" VARCHAR2(20 BYTE), 
	"EMAIL" VARCHAR2(20 BYTE)
   ) SEGMENT CREATION IMMEDIATE 
  PCTFREE 10 PCTUSED 40 INITRANS 1 MAXTRANS 255 NOCOMPRESS LOGGING
  STORAGE(INITIAL 65536 NEXT 1048576 MINEXTENTS 1 MAXEXTENTS 2147483645
  PCTINCREASE 0 FREELISTS 1 FREELIST GROUPS 1 BUFFER_POOL DEFAULT FLASH_CACHE DEFAULT CELL_FLASH_CACHE DEFAULT)
  TABLESPACE "USERS" ;
--------------------------------------------------------
--  DDL for Table UOL_SCHOOL
--------------------------------------------------------

  CREATE TABLE "SCOTT"."UOL_SCHOOL" 
   (	"SCHOOLID" VARCHAR2(50 BYTE), 
	"SCHOOLNAME" VARCHAR2(20 BYTE), 
	"SCHOOLINFO" VARCHAR2(200 BYTE)
   ) SEGMENT CREATION IMMEDIATE 
  PCTFREE 10 PCTUSED 40 INITRANS 1 MAXTRANS 255 NOCOMPRESS LOGGING
  STORAGE(INITIAL 65536 NEXT 1048576 MINEXTENTS 1 MAXEXTENTS 2147483645
  PCTINCREASE 0 FREELISTS 1 FREELIST GROUPS 1 BUFFER_POOL DEFAULT FLASH_CACHE DEFAULT CELL_FLASH_CACHE DEFAULT)
  TABLESPACE "USERS" ;
 

   COMMENT ON COLUMN "SCOTT"."UOL_SCHOOL"."SCHOOLID" IS '学校ID';
 
   COMMENT ON COLUMN "SCOTT"."UOL_SCHOOL"."SCHOOLNAME" IS '学校名称';
 
   COMMENT ON COLUMN "SCOTT"."UOL_SCHOOL"."SCHOOLINFO" IS '学校备注信息';
--------------------------------------------------------
--  DDL for Table UOL_DEPARTMENT
--------------------------------------------------------

  CREATE TABLE "SCOTT"."UOL_DEPARTMENT" 
   (	"DEPTID" VARCHAR2(50 BYTE), 
	"DEPTNAME" VARCHAR2(20 BYTE), 
	"DEPTINFO" VARCHAR2(200 BYTE), 
	"SCHOOLID" VARCHAR2(20 BYTE)
   ) SEGMENT CREATION IMMEDIATE 
  PCTFREE 10 PCTUSED 40 INITRANS 1 MAXTRANS 255 NOCOMPRESS LOGGING
  STORAGE(INITIAL 65536 NEXT 1048576 MINEXTENTS 1 MAXEXTENTS 2147483645
  PCTINCREASE 0 FREELISTS 1 FREELIST GROUPS 1 BUFFER_POOL DEFAULT FLASH_CACHE DEFAULT CELL_FLASH_CACHE DEFAULT)
  TABLESPACE "USERS" ;
 

   COMMENT ON COLUMN "SCOTT"."UOL_DEPARTMENT"."DEPTID" IS '院系ID';
 
   COMMENT ON COLUMN "SCOTT"."UOL_DEPARTMENT"."DEPTNAME" IS '院系名称';
 
   COMMENT ON COLUMN "SCOTT"."UOL_DEPARTMENT"."DEPTINFO" IS '院系备注信息';
 
   COMMENT ON COLUMN "SCOTT"."UOL_DEPARTMENT"."SCHOOLID" IS '所在院校ID';
--------------------------------------------------------
--  DDL for Table UOL_USER
--------------------------------------------------------

  CREATE TABLE "SCOTT"."UOL_USER" 
   (	"USERID" VARCHAR2(50 BYTE), 
	"USERNAME" VARCHAR2(20 BYTE), 
	"USERPWD" VARCHAR2(32 BYTE), 
	"REALNAME" VARCHAR2(20 BYTE), 
	"SEX" VARCHAR2(20 BYTE), 
	"JOB" VARCHAR2(20 BYTE), 
	"REMARK" VARCHAR2(200 BYTE), 
	"STATUS" VARCHAR2(20 BYTE)
   ) SEGMENT CREATION IMMEDIATE 
  PCTFREE 10 PCTUSED 40 INITRANS 1 MAXTRANS 255 NOCOMPRESS LOGGING
  STORAGE(INITIAL 65536 NEXT 1048576 MINEXTENTS 1 MAXEXTENTS 2147483645
  PCTINCREASE 0 FREELISTS 1 FREELIST GROUPS 1 BUFFER_POOL DEFAULT FLASH_CACHE DEFAULT CELL_FLASH_CACHE DEFAULT)
  TABLESPACE "USERS" ;
--------------------------------------------------------
--  DDL for Table UOL_OPENCOURSE
--------------------------------------------------------

  CREATE TABLE "SCOTT"."UOL_OPENCOURSE" 
   (	"COURSEID" VARCHAR2(50 BYTE), 
	"COURSEDATE" DATE, 
	"COURSENAME" VARCHAR2(20 BYTE), 
	"SPEAKERNAME" VARCHAR2(20 BYTE), 
	"ORGANIZERNAME" VARCHAR2(20 BYTE), 
	"PLACE" VARCHAR2(20 BYTE), 
	"SCHOOL" VARCHAR2(20 BYTE), 
	"DEPARTMENT" VARCHAR2(20 BYTE), 
	"GRADE" VARCHAR2(20 BYTE), 
	"EXPLAIN" VARCHAR2(200 BYTE), 
	"REMARK" VARCHAR2(200 BYTE)
   ) SEGMENT CREATION IMMEDIATE 
  PCTFREE 10 PCTUSED 40 INITRANS 1 MAXTRANS 255 NOCOMPRESS LOGGING
  STORAGE(INITIAL 65536 NEXT 1048576 MINEXTENTS 1 MAXEXTENTS 2147483645
  PCTINCREASE 0 FREELISTS 1 FREELIST GROUPS 1 BUFFER_POOL DEFAULT FLASH_CACHE DEFAULT CELL_FLASH_CACHE DEFAULT)
  TABLESPACE "USERS" ;
 

   COMMENT ON COLUMN "SCOTT"."UOL_OPENCOURSE"."COURSEID" IS '课程ID';
 
   COMMENT ON COLUMN "SCOTT"."UOL_OPENCOURSE"."COURSEDATE" IS '课程日期';
 
   COMMENT ON COLUMN "SCOTT"."UOL_OPENCOURSE"."COURSENAME" IS '技术专题';
 
   COMMENT ON COLUMN "SCOTT"."UOL_OPENCOURSE"."SPEAKERNAME" IS '主讲人';
 
   COMMENT ON COLUMN "SCOTT"."UOL_OPENCOURSE"."ORGANIZERNAME" IS '组织者';
 
   COMMENT ON COLUMN "SCOTT"."UOL_OPENCOURSE"."PLACE" IS '地点';
 
   COMMENT ON COLUMN "SCOTT"."UOL_OPENCOURSE"."SCHOOL" IS '所属院校';
 
   COMMENT ON COLUMN "SCOTT"."UOL_OPENCOURSE"."DEPARTMENT" IS '所属院系';
 
   COMMENT ON COLUMN "SCOTT"."UOL_OPENCOURSE"."GRADE" IS '所属年级';
 
   COMMENT ON COLUMN "SCOTT"."UOL_OPENCOURSE"."EXPLAIN" IS '群体说明';
 
   COMMENT ON COLUMN "SCOTT"."UOL_OPENCOURSE"."REMARK" IS '备注';
--------------------------------------------------------
--  DDL for Table UOL_LABMEMBER
--------------------------------------------------------

  CREATE TABLE "SCOTT"."UOL_LABMEMBER" 
   (	"MEMBERNAME" VARCHAR2(20 BYTE), 
	"MEMBERID" VARCHAR2(20 BYTE), 
	"SEX" VARCHAR2(20 BYTE), 
	"GRADE" VARCHAR2(20 BYTE), 
	"BIRTHPLACE" VARCHAR2(20 BYTE), 
	"PHONENUMBER" VARCHAR2(20 BYTE), 
	"EMAIL" VARCHAR2(20 BYTE), 
	"SCHOOLID" VARCHAR2(20 BYTE), 
	"DEPTID" VARCHAR2(20 BYTE), 
	"MAJORID" VARCHAR2(20 BYTE), 
	"SCHOOLJOB" VARCHAR2(20 BYTE), 
	"JOINDATE" DATE, 
	"CERTIFICATE" VARCHAR2(20 BYTE), 
	"STATUS" VARCHAR2(20 BYTE), 
	"LABJOB" VARCHAR2(20 BYTE), 
	"TRAINNING" VARCHAR2(20 BYTE), 
	"SKILL" VARCHAR2(20 BYTE), 
	"REMARK" VARCHAR2(200 BYTE)
   ) SEGMENT CREATION IMMEDIATE 
  PCTFREE 10 PCTUSED 40 INITRANS 1 MAXTRANS 255 NOCOMPRESS LOGGING
  STORAGE(INITIAL 65536 NEXT 1048576 MINEXTENTS 1 MAXEXTENTS 2147483645
  PCTINCREASE 0 FREELISTS 1 FREELIST GROUPS 1 BUFFER_POOL DEFAULT FLASH_CACHE DEFAULT CELL_FLASH_CACHE DEFAULT)
  TABLESPACE "USERS" ;
 

   COMMENT ON COLUMN "SCOTT"."UOL_LABMEMBER"."MEMBERNAME" IS '成员姓名';
 
   COMMENT ON COLUMN "SCOTT"."UOL_LABMEMBER"."MEMBERID" IS '成员学号';
 
   COMMENT ON COLUMN "SCOTT"."UOL_LABMEMBER"."SEX" IS '性别';
 
   COMMENT ON COLUMN "SCOTT"."UOL_LABMEMBER"."GRADE" IS '年级';
 
   COMMENT ON COLUMN "SCOTT"."UOL_LABMEMBER"."BIRTHPLACE" IS '籍贯';
 
   COMMENT ON COLUMN "SCOTT"."UOL_LABMEMBER"."PHONENUMBER" IS '电话';
 
   COMMENT ON COLUMN "SCOTT"."UOL_LABMEMBER"."EMAIL" IS '邮箱';
 
   COMMENT ON COLUMN "SCOTT"."UOL_LABMEMBER"."SCHOOLID" IS '学校';
 
   COMMENT ON COLUMN "SCOTT"."UOL_LABMEMBER"."DEPTID" IS '院系';
 
   COMMENT ON COLUMN "SCOTT"."UOL_LABMEMBER"."MAJORID" IS '专业';
 
   COMMENT ON COLUMN "SCOTT"."UOL_LABMEMBER"."SCHOOLJOB" IS '校内职务';
 
   COMMENT ON COLUMN "SCOTT"."UOL_LABMEMBER"."JOINDATE" IS '加入日期';
 
   COMMENT ON COLUMN "SCOTT"."UOL_LABMEMBER"."CERTIFICATE" IS '证件';
 
   COMMENT ON COLUMN "SCOTT"."UOL_LABMEMBER"."STATUS" IS '状态';
 
   COMMENT ON COLUMN "SCOTT"."UOL_LABMEMBER"."LABJOB" IS '实验室职务';
 
   COMMENT ON COLUMN "SCOTT"."UOL_LABMEMBER"."TRAINNING" IS '培训经历';
 
   COMMENT ON COLUMN "SCOTT"."UOL_LABMEMBER"."SKILL" IS '技术专长';
 
   COMMENT ON COLUMN "SCOTT"."UOL_LABMEMBER"."REMARK" IS '备注';
--------------------------------------------------------
--  DDL for Table UOL_CREDIT
--------------------------------------------------------

  CREATE TABLE "SCOTT"."UOL_CREDIT" 
   (	"STUNAME" VARCHAR2(20 BYTE), 
	"STUID" VARCHAR2(20 BYTE), 
	"SCORE" VARCHAR2(20 BYTE), 
	"REMARK" VARCHAR2(200 BYTE)
   ) SEGMENT CREATION IMMEDIATE 
  PCTFREE 10 PCTUSED 40 INITRANS 1 MAXTRANS 255 NOCOMPRESS LOGGING
  STORAGE(INITIAL 65536 NEXT 1048576 MINEXTENTS 1 MAXEXTENTS 2147483645
  PCTINCREASE 0 FREELISTS 1 FREELIST GROUPS 1 BUFFER_POOL DEFAULT FLASH_CACHE DEFAULT CELL_FLASH_CACHE DEFAULT)
  TABLESPACE "USERS" ;
 

   COMMENT ON COLUMN "SCOTT"."UOL_CREDIT"."STUNAME" IS '姓名';
 
   COMMENT ON COLUMN "SCOTT"."UOL_CREDIT"."STUID" IS '学号';
 
   COMMENT ON COLUMN "SCOTT"."UOL_CREDIT"."SCORE" IS '分值';
 
   COMMENT ON COLUMN "SCOTT"."UOL_CREDIT"."REMARK" IS '备注';
--------------------------------------------------------
--  DDL for Sequence SCHOOLSEQ
--------------------------------------------------------

   CREATE SEQUENCE  "SCOTT"."SCHOOLSEQ"  MINVALUE 1 MAXVALUE 9999999999999999999999999999 INCREMENT BY 1 START WITH 21 CACHE 20 ORDER  NOCYCLE ;
--------------------------------------------------------
--  DDL for Sequence DEPTSEQ
--------------------------------------------------------

   CREATE SEQUENCE  "SCOTT"."DEPTSEQ"  MINVALUE 1 MAXVALUE 9999999999999999999999999999 INCREMENT BY 1 START WITH 21 CACHE 20 ORDER  NOCYCLE ;
--------------------------------------------------------
--  DDL for Sequence OPENCOURSESEQ
--------------------------------------------------------

   CREATE SEQUENCE  "SCOTT"."OPENCOURSESEQ"  MINVALUE 1 MAXVALUE 9999999999999999999999999999 INCREMENT BY 1 START WITH 1 CACHE 20 ORDER  NOCYCLE ;
--------------------------------------------------------
--  DDL for Sequence MAJORSEQ
--------------------------------------------------------

   CREATE SEQUENCE  "SCOTT"."MAJORSEQ"  MINVALUE 1 MAXVALUE 9999999999999999999999999999 INCREMENT BY 1 START WITH 21 CACHE 20 ORDER  NOCYCLE ;
--------------------------------------------------------
--  DDL for Sequence USERSEQ
--------------------------------------------------------

   CREATE SEQUENCE  "SCOTT"."USERSEQ"  MINVALUE 0 MAXVALUE 9999999999999999999999999999 INCREMENT BY 1 START WITH 40 CACHE 20 ORDER  NOCYCLE ;
REM INSERTING into SCOTT.UOL_MAJOR
SET DEFINE OFF;
Insert into SCOTT.UOL_MAJOR (MAJORID,MAJORNAME,MAJORINFO,DEPTID,SCHOOLID) values ('17','土木工程','这个清华浙大这个专业很火!','18','9');
Insert into SCOTT.UOL_MAJOR (MAJORID,MAJORNAME,MAJORINFO,DEPTID,SCHOOLID) values ('10','通信工程','杭州电子科技大学这个专业不错','8','2');
Insert into SCOTT.UOL_MAJOR (MAJORID,MAJORNAME,MAJORINFO,DEPTID,SCHOOLID) values ('12','统计与计算学','和数学有关','9','4');
Insert into SCOTT.UOL_MAJOR (MAJORID,MAJORNAME,MAJORINFO,DEPTID,SCHOOLID) values ('9','网络工程','赵俊龙老师是教网络课的~','3','1');
Insert into SCOTT.UOL_MAJOR (MAJORID,MAJORNAME,MAJORINFO,DEPTID,SCHOOLID) values ('8','土木工程','这个清华浙大这个专业很火!','2','1');
Insert into SCOTT.UOL_MAJOR (MAJORID,MAJORNAME,MAJORINFO,DEPTID,SCHOOLID) values ('7','食品安全工程','这个清华浙大这个专业很火!','13','10');
Insert into SCOTT.UOL_MAJOR (MAJORID,MAJORNAME,MAJORINFO,DEPTID,SCHOOLID) values ('15','人工智能','这个专业很火~','17','9');
Insert into SCOTT.UOL_MAJOR (MAJORID,MAJORNAME,MAJORINFO,DEPTID,SCHOOLID) values ('6','物联网工程','这个专业在别的学校都是在计算机系的','10','2');
Insert into SCOTT.UOL_MAJOR (MAJORID,MAJORNAME,MAJORINFO,DEPTID,SCHOOLID) values ('5','软件工程',null,'4','1');
Insert into SCOTT.UOL_MAJOR (MAJORID,MAJORNAME,MAJORINFO,DEPTID,SCHOOLID) values ('4','计算机科学与技术',null,'4','1');
Insert into SCOTT.UOL_MAJOR (MAJORID,MAJORNAME,MAJORINFO,DEPTID,SCHOOLID) values ('3','统计学','lalala','1','2');
Insert into SCOTT.UOL_MAJOR (MAJORID,MAJORNAME,MAJORINFO,DEPTID,SCHOOLID) values ('2','法学','这个专业不错，好就业','7','4');
Insert into SCOTT.UOL_MAJOR (MAJORID,MAJORNAME,MAJORINFO,DEPTID,SCHOOLID) values ('1','物联网工程','这个专业在别的学校都是在计算机系的','5','1');
REM INSERTING into SCOTT.UOL_COURSEMEMBER
SET DEFINE OFF;
Insert into SCOTT.UOL_COURSEMEMBER (MEMBERID,COURSEDATE,MEMBERNAME,SEX,SCHOOL,DEPARTMENT,GRADE,PHONENUMBER,EMAIL) values ('10',to_date('10-10月-18','DD-MON-RR'),'10','male','01','01','01','01','10');
Insert into SCOTT.UOL_COURSEMEMBER (MEMBERID,COURSEDATE,MEMBERNAME,SEX,SCHOOL,DEPARTMENT,GRADE,PHONENUMBER,EMAIL) values ('111222333',to_date('06-8月 -19','DD-MON-RR'),'xiaocao','男','4','7','大二','12312312312','12312312@163.com');
Insert into SCOTT.UOL_COURSEMEMBER (MEMBERID,COURSEDATE,MEMBERNAME,SEX,SCHOOL,DEPARTMENT,GRADE,PHONENUMBER,EMAIL) values ('162056244',to_date('07-7月 -19','DD-MON-RR'),'刘浩','男','清华大学','化工系','大二','15364925795','15364925795@163.com');
Insert into SCOTT.UOL_COURSEMEMBER (MEMBERID,COURSEDATE,MEMBERNAME,SEX,SCHOOL,DEPARTMENT,GRADE,PHONENUMBER,EMAIL) values ('365454624',to_date('10-10月-19','DD-MON-RR'),'彭思雅','female','深圳大学','心理学院','大二','16845795245','15368424596@163.com');
Insert into SCOTT.UOL_COURSEMEMBER (MEMBERID,COURSEDATE,MEMBERNAME,SEX,SCHOOL,DEPARTMENT,GRADE,PHONENUMBER,EMAIL) values ('162056229',to_date('31-12月-19','DD-MON-RR'),'刘浩','男','太原工业学院','计算机工程系','大三','15364925795','15364925795@163.com');
Insert into SCOTT.UOL_COURSEMEMBER (MEMBERID,COURSEDATE,MEMBERNAME,SEX,SCHOOL,DEPARTMENT,GRADE,PHONENUMBER,EMAIL) values ('56224',to_date('31-12月-19','DD-MON-RR'),'刘浩','男','太原工业学院','计算机工程系','大三','+8615364925795','15364925795@163.com');
Insert into SCOTT.UOL_COURSEMEMBER (MEMBERID,COURSEDATE,MEMBERNAME,SEX,SCHOOL,DEPARTMENT,GRADE,PHONENUMBER,EMAIL) values ('162056224',to_date('07-7月 -19','DD-MON-RR'),'刘浩','男','太原工业学院','计算机工程系','大三','15364925795','15364925795@163.com');
Insert into SCOTT.UOL_COURSEMEMBER (MEMBERID,COURSEDATE,MEMBERNAME,SEX,SCHOOL,DEPARTMENT,GRADE,PHONENUMBER,EMAIL) values ('162056225',to_date('07-7月 -19','DD-MON-RR'),'张三','男','太原工业学院','计算机工程系','大三','15364925795','15364925795@163.com');
Insert into SCOTT.UOL_COURSEMEMBER (MEMBERID,COURSEDATE,MEMBERNAME,SEX,SCHOOL,DEPARTMENT,GRADE,PHONENUMBER,EMAIL) values ('162056226',to_date('07-7月 -19','DD-MON-RR'),'刘浩','男','太原工业学院','化工系','大二','15364925795','15364925795@163.com');
Insert into SCOTT.UOL_COURSEMEMBER (MEMBERID,COURSEDATE,MEMBERNAME,SEX,SCHOOL,DEPARTMENT,GRADE,PHONENUMBER,EMAIL) values ('5BDBC63ED6A3491692B4FDC6DA9A5630',to_date('31-12月-19','DD-MON-RR'),'刘浩','男','太原工业学院','计算机工程系','大二','15364925795','15364925795@163.com');
Insert into SCOTT.UOL_COURSEMEMBER (MEMBERID,COURSEDATE,MEMBERNAME,SEX,SCHOOL,DEPARTMENT,GRADE,PHONENUMBER,EMAIL) values ('021',to_date('10-10月-16','DD-MON-RR'),'10','male','20','201','02','021','021');
REM INSERTING into SCOTT.UOL_SCHOOL
SET DEFINE OFF;
Insert into SCOTT.UOL_SCHOOL (SCHOOLID,SCHOOLNAME,SCHOOLINFO) values ('10','中北大学','二龙山在学校里面！');
Insert into SCOTT.UOL_SCHOOL (SCHOOLID,SCHOOLNAME,SCHOOLINFO) values ('9','清华大学','全国第一');
Insert into SCOTT.UOL_SCHOOL (SCHOOLID,SCHOOLNAME,SCHOOLINFO) values ('8','武汉大学','樱花很美~');
Insert into SCOTT.UOL_SCHOOL (SCHOOLID,SCHOOLNAME,SCHOOLINFO) values ('7','南开大学','操作系统有道进程同步与互斥题是关于南开大学和天津大大学的');
Insert into SCOTT.UOL_SCHOOL (SCHOOLID,SCHOOLNAME,SCHOOLINFO) values ('6','上海交通大学','全国第三');
Insert into SCOTT.UOL_SCHOOL (SCHOOLID,SCHOOLNAME,SCHOOLINFO) values ('5','太原科技大学','2A');
Insert into SCOTT.UOL_SCHOOL (SCHOOLID,SCHOOLNAME,SCHOOLINFO) values ('4','深圳大学','985，211');
Insert into SCOTT.UOL_SCHOOL (SCHOOLID,SCHOOLNAME,SCHOOLINFO) values ('3','南京理工大学','985，211');
Insert into SCOTT.UOL_SCHOOL (SCHOOLID,SCHOOLNAME,SCHOOLINFO) values ('2','北京大学','全国第二');
Insert into SCOTT.UOL_SCHOOL (SCHOOLID,SCHOOLNAME,SCHOOLINFO) values ('1','太原工业学院','皇家学院');
REM INSERTING into SCOTT.UOL_DEPARTMENT
SET DEFINE OFF;
Insert into SCOTT.UOL_DEPARTMENT (DEPTID,DEPTNAME,DEPTINFO,SCHOOLID) values ('10','经管系','很多小姐姐~','2');
Insert into SCOTT.UOL_DEPARTMENT (DEPTID,DEPTNAME,DEPTINFO,SCHOOLID) values ('9','理学系','大多都学计算机了','4');
Insert into SCOTT.UOL_DEPARTMENT (DEPTID,DEPTNAME,DEPTINFO,SCHOOLID) values ('13','化工系','都是学化学的，要做很多的实验','10');
Insert into SCOTT.UOL_DEPARTMENT (DEPTID,DEPTNAME,DEPTINFO,SCHOOLID) values ('7','法学系','都是学法律的','4');
Insert into SCOTT.UOL_DEPARTMENT (DEPTID,DEPTNAME,DEPTINFO,SCHOOLID) values ('17','计算机学院','全国第一！','9');
Insert into SCOTT.UOL_DEPARTMENT (DEPTID,DEPTNAME,DEPTINFO,SCHOOLID) values ('18','建筑系','没人能上的了。。。','9');
Insert into SCOTT.UOL_DEPARTMENT (DEPTID,DEPTNAME,DEPTINFO,SCHOOLID) values ('8','外语系','对外贸易不错','2');
Insert into SCOTT.UOL_DEPARTMENT (DEPTID,DEPTNAME,DEPTINFO,SCHOOLID) values ('6','机械工程系','Nice','1');
Insert into SCOTT.UOL_DEPARTMENT (DEPTID,DEPTNAME,DEPTINFO,SCHOOLID) values ('5','电子工程系','优秀','1');
Insert into SCOTT.UOL_DEPARTMENT (DEPTID,DEPTNAME,DEPTINFO,SCHOOLID) values ('4','计算机工程系','优秀','1');
Insert into SCOTT.UOL_DEPARTMENT (DEPTID,DEPTNAME,DEPTINFO,SCHOOLID) values ('3','自动化系','专业课都很难啊','1');
Insert into SCOTT.UOL_DEPARTMENT (DEPTID,DEPTNAME,DEPTINFO,SCHOOLID) values ('2','经管系','还行','1');
Insert into SCOTT.UOL_DEPARTMENT (DEPTID,DEPTNAME,DEPTINFO,SCHOOLID) values ('1','中文系','有古代文学专业','2');
REM INSERTING into SCOTT.UOL_USER
SET DEFINE OFF;
Insert into SCOTT.UOL_USER (USERID,USERNAME,USERPWD,REALNAME,SEX,JOB,REMARK,STATUS) values ('1','Orange','3c924d1f93b8d5b7e63df51c93d97cce','任云康','男','机器人队队员！',null,'1');
Insert into SCOTT.UOL_USER (USERID,USERNAME,USERPWD,REALNAME,SEX,JOB,REMARK,STATUS) values ('2','deshan','deshan','成德善','女','空姐',null,'1');
Insert into SCOTT.UOL_USER (USERID,USERNAME,USERPWD,REALNAME,SEX,JOB,REMARK,STATUS) values ('3','xiaocao','1f2365478c0756ce7f42b4fadc7d5293','鹿小草','女','贝斯手',null,'1');
Insert into SCOTT.UOL_USER (USERID,USERNAME,USERPWD,REALNAME,SEX,JOB,REMARK,STATUS) values ('4','zhangsan','123','张三','男','张老师的花开了~',null,'1');
Insert into SCOTT.UOL_USER (USERID,USERNAME,USERPWD,REALNAME,SEX,JOB,REMARK,STATUS) values ('5','zhenghuan','limeiyan','金正换','男','军人',null,'1');
Insert into SCOTT.UOL_USER (USERID,USERNAME,USERPWD,REALNAME,SEX,JOB,REMARK,STATUS) values ('11','Orange','3c924d1f93b8d5b7e63df51c93d97cce','任云康','男','机器人队队员','非常强的学习能力！','1');
Insert into SCOTT.UOL_USER (USERID,USERNAME,USERPWD,REALNAME,SEX,JOB,REMARK,STATUS) values ('6','Hins','5d162715cda9bf2bd931fc75f2aee34f','张敬轩','男','歌手','骚灵情歌','1');
Insert into SCOTT.UOL_USER (USERID,USERNAME,USERPWD,REALNAME,SEX,JOB,REMARK,STATUS) values ('21','deshan','deshan','成德善','女','空姐',null,'1');
Insert into SCOTT.UOL_USER (USERID,USERNAME,USERPWD,REALNAME,SEX,JOB,REMARK,STATUS) values ('41','zhangsan','123','张三','男','老师',null,'1');
Insert into SCOTT.UOL_USER (USERID,USERNAME,USERPWD,REALNAME,SEX,JOB,REMARK,STATUS) values ('51','zhenghuan','limeiyan','金正换','男','军人',null,'1');
Insert into SCOTT.UOL_USER (USERID,USERNAME,USERPWD,REALNAME,SEX,JOB,REMARK,STATUS) values ('61','Hins','5d162715cda9bf2bd931fc75f2aee34f','张敬轩','男','歌手','骚灵情歌','1');
Insert into SCOTT.UOL_USER (USERID,USERNAME,USERPWD,REALNAME,SEX,JOB,REMARK,STATUS) values ('71','fly','56224','刘浩','男','学生',null,'1');
Insert into SCOTT.UOL_USER (USERID,USERNAME,USERPWD,REALNAME,SEX,JOB,REMARK,STATUS) values ('122','Orange','3c924d1f93b8d5b7e63df51c93d97cce','任云康','男','机器人队队员','非常强的学习能力！','1');
Insert into SCOTT.UOL_USER (USERID,USERNAME,USERPWD,REALNAME,SEX,JOB,REMARK,STATUS) values ('22','deshan','deshan','成德善','女','空姐',null,'1');
Insert into SCOTT.UOL_USER (USERID,USERNAME,USERPWD,REALNAME,SEX,JOB,REMARK,STATUS) values ('52','zhenghuan','limeiyan','金正换','男','军人','请回答1988里的军人帅哥~','1');
Insert into SCOTT.UOL_USER (USERID,USERNAME,USERPWD,REALNAME,SEX,JOB,REMARK,STATUS) values ('20','lala','202cb962ac59075b964b07152d234b70','刘浩','男','Up主','很爱lalala','1');
Insert into SCOTT.UOL_USER (USERID,USERNAME,USERPWD,REALNAME,SEX,JOB,REMARK,STATUS) values ('7','fly','56224','刘浩','男','爱学习的学生~',null,'1');
REM INSERTING into SCOTT.UOL_OPENCOURSE
SET DEFINE OFF;
Insert into SCOTT.UOL_OPENCOURSE (COURSEID,COURSEDATE,COURSENAME,SPEAKERNAME,ORGANIZERNAME,PLACE,SCHOOL,DEPARTMENT,GRADE,EXPLAIN,REMARK) values ('6781420BD676481C901B1A5EA8CF3CBA',to_date('31-12月-19','DD-MON-RR'),'元旦的由来','刘浩','任云康','主楼103','10','13','大三','请务必及时到场参加公开课！','第一次讲课，请多多指教~');
Insert into SCOTT.UOL_OPENCOURSE (COURSEID,COURSEDATE,COURSENAME,SPEAKERNAME,ORGANIZERNAME,PLACE,SCHOOL,DEPARTMENT,GRADE,EXPLAIN,REMARK) values ('624CA39E393243DBA7824C148B7D8860',to_date('08-8月 -19','DD-MON-RR'),'软件杯项目启动','张麟华','刘浩','电子楼601','1','4','大三','及时赴场参加','一定要携带电脑~<br />');
Insert into SCOTT.UOL_OPENCOURSE (COURSEID,COURSEDATE,COURSENAME,SPEAKERNAME,ORGANIZERNAME,PLACE,SCHOOL,DEPARTMENT,GRADE,EXPLAIN,REMARK) values ('001',to_date('22-7月 -19','DD-MON-RR'),'C++面向对象程序设计','吴智军','刘浩','主楼1003','1','5','大二','562班同学要求全到','外聘老师到校讲课');
Insert into SCOTT.UOL_OPENCOURSE (COURSEID,COURSEDATE,COURSENAME,SPEAKERNAME,ORGANIZERNAME,PLACE,SCHOOL,DEPARTMENT,GRADE,EXPLAIN,REMARK) values ('7A823EFB03CB4B458DC8DB92885B396C',to_date('16-7月 -19','DD-MON-RR'),'Oracle数据库操作','吴老师','刘浩','电子楼603','1','4','大三','java1012','英才汇硕公司');
Insert into SCOTT.UOL_OPENCOURSE (COURSEID,COURSEDATE,COURSENAME,SPEAKERNAME,ORGANIZERNAME,PLACE,SCHOOL,DEPARTMENT,GRADE,EXPLAIN,REMARK) values ('0F543CA66BEB4C14AA7DEEFB26f2E37FB',to_date('23-7月 -19','DD-MON-RR'),'Oracle数据库操作','吴老师','刘浩','电子楼603','1','4','大三','java1012','英才汇硕公司');
Insert into SCOTT.UOL_OPENCOURSE (COURSEID,COURSEDATE,COURSENAME,SPEAKERNAME,ORGANIZERNAME,PLACE,SCHOOL,DEPARTMENT,GRADE,EXPLAIN,REMARK) values ('0F543CA66BEB4C14AA7DEEFB262E37dFB',to_date('23-7月 -19','DD-MON-RR'),'Oracle数据库操作33
','吴老师','刘浩','电子楼603','1','4','大三','java1012','英才汇硕公司');
Insert into SCOTT.UOL_OPENCOURSE (COURSEID,COURSEDATE,COURSENAME,SPEAKERNAME,ORGANIZERNAME,PLACE,SCHOOL,DEPARTMENT,GRADE,EXPLAIN,REMARK) values ('28DC271509454BFA944AE50D8131DC16',to_date('23-7月 -19','DD-MON-RR'),'Oracle数据库操作','吴老师','刘浩','电子楼603','1','4','大三','java1012','英才汇硕公司');
Insert into SCOTT.UOL_OPENCOURSE (COURSEID,COURSEDATE,COURSENAME,SPEAKERNAME,ORGANIZERNAME,PLACE,SCHOOL,DEPARTMENT,GRADE,EXPLAIN,REMARK) values ('E86EB7C22E524AA3A23D6B89D2D89D4A',to_date('18-7月 -19','DD-MON-RR'),'Oracle数据库操作','吴老师','刘浩','电子楼603','1','4','大三','java1012','英才汇硕公司');
Insert into SCOTT.UOL_OPENCOURSE (COURSEID,COURSEDATE,COURSENAME,SPEAKERNAME,ORGANIZERNAME,PLACE,SCHOOL,DEPARTMENT,GRADE,EXPLAIN,REMARK) values ('60BACC3D5DEC4D319F4EF4F53CFB797C',to_date('23-7月 -19','DD-MON-RR'),'Oracle数据库操作','吴老师','刘浩','电子楼603','1','4','大三','java1012','英才汇硕公司');
Insert into SCOTT.UOL_OPENCOURSE (COURSEID,COURSEDATE,COURSENAME,SPEAKERNAME,ORGANIZERNAME,PLACE,SCHOOL,DEPARTMENT,GRADE,EXPLAIN,REMARK) values ('26',to_date('19-7月 -19','DD-MON-RR'),'Oracle数据库操作','吴老师','刘浩','电子楼603','1','4','大三','java1012','英才汇硕公司');
Insert into SCOTT.UOL_OPENCOURSE (COURSEID,COURSEDATE,COURSENAME,SPEAKERNAME,ORGANIZERNAME,PLACE,SCHOOL,DEPARTMENT,GRADE,EXPLAIN,REMARK) values ('835F3C791DD04E3BB3F24FB1CC1798D0',to_date('20-7月 -19','DD-MON-RR'),'Oracle数据库操作','吴老师','刘浩','电子楼603','1','4','大三','java1012','英才汇硕公司');
Insert into SCOTT.UOL_OPENCOURSE (COURSEID,COURSEDATE,COURSENAME,SPEAKERNAME,ORGANIZERNAME,PLACE,SCHOOL,DEPARTMENT,GRADE,EXPLAIN,REMARK) values ('B57CFC02F38C497CA55D9C47C3C3DB88',to_date('23-7月 -19','DD-MON-RR'),'Oracle数据库操作','吴老师','刘浩','电子楼603','1','4','大三','java1012','英才汇硕公司');
Insert into SCOTT.UOL_OPENCOURSE (COURSEID,COURSEDATE,COURSENAME,SPEAKERNAME,ORGANIZERNAME,PLACE,SCHOOL,DEPARTMENT,GRADE,EXPLAIN,REMARK) values ('0021E901739B4EF183F64A209F6586BB',to_date('23-7月 -19','DD-MON-RR'),'Oracle数据库操作','吴老师','刘浩','电子楼603','1','4','大三','java1012','英才汇硕公司');
Insert into SCOTT.UOL_OPENCOURSE (COURSEID,COURSEDATE,COURSENAME,SPEAKERNAME,ORGANIZERNAME,PLACE,SCHOOL,DEPARTMENT,GRADE,EXPLAIN,REMARK) values ('84A07D95AAEF4BE9ACD690C8086F2A1A',to_date('23-7月 -19','DD-MON-RR'),'Oracle数据库操作11','吴老师','刘浩','电子楼603','1','4','大三','java1012','英才汇硕公司');
Insert into SCOTT.UOL_OPENCOURSE (COURSEID,COURSEDATE,COURSENAME,SPEAKERNAME,ORGANIZERNAME,PLACE,SCHOOL,DEPARTMENT,GRADE,EXPLAIN,REMARK) values ('0F543CA66BEB4C14AA7DEEFB262E37FB',to_date('23-7月 -19','DD-MON-RR'),'Oracle数据库操作22','吴老师','刘浩','电子楼603','1','4','大三','java1012','英才汇硕公司');
Insert into SCOTT.UOL_OPENCOURSE (COURSEID,COURSEDATE,COURSENAME,SPEAKERNAME,ORGANIZERNAME,PLACE,SCHOOL,DEPARTMENT,GRADE,EXPLAIN,REMARK) values ('84A07D95AAEF4BE9ACD690C8086F2A1Ad',to_date('23-7月 -19','DD-MON-RR'),'Oracle数据库操作44','吴老师','刘浩','电子楼603','1','4','大三','java1012','英才汇硕公司');
Insert into SCOTT.UOL_OPENCOURSE (COURSEID,COURSEDATE,COURSENAME,SPEAKERNAME,ORGANIZERNAME,PLACE,SCHOOL,DEPARTMENT,GRADE,EXPLAIN,REMARK) values ('0F543CA66BEB4C14AA7DEEFB262E37FdB',to_date('23-7月 -19','DD-MON-RR'),'Oracle数据库操作55','吴老师','刘浩','电子楼603','1','4','大三','java1012','英才汇硕公司');
REM INSERTING into SCOTT.UOL_LABMEMBER
SET DEFINE OFF;
Insert into SCOTT.UOL_LABMEMBER (MEMBERNAME,MEMBERID,SEX,GRADE,BIRTHPLACE,PHONENUMBER,EMAIL,SCHOOLID,DEPTID,MAJORID,SCHOOLJOB,JOINDATE,CERTIFICATE,STATUS,LABJOB,TRAINNING,SKILL,REMARK) values ('Haohao','162056226','男','大三','河南沈丘','+8615364925795','15364925795@163.com','1','4','4','学生会干部',to_date('15-7月 -19','DD-MON-RR'),'已领取','正常','管理人员','有','修理东西~','很善良的一个孩子呀~');
Insert into SCOTT.UOL_LABMEMBER (MEMBERNAME,MEMBERID,SEX,GRADE,BIRTHPLACE,PHONENUMBER,EMAIL,SCHOOLID,DEPTID,MAJORID,SCHOOLJOB,JOINDATE,CERTIFICATE,STATUS,LABJOB,TRAINNING,SKILL,REMARK) values ('Haohao','162056224','男','大二','河南沈丘','+8615364925795','15364925795@163.com','1','4','5','学生会干部',to_date('01-7月 -19','DD-MON-RR'),'未领取','正常','管理人员','有','修理东西~','很善良的一个孩子~');
Insert into SCOTT.UOL_LABMEMBER (MEMBERNAME,MEMBERID,SEX,GRADE,BIRTHPLACE,PHONENUMBER,EMAIL,SCHOOLID,DEPTID,MAJORID,SCHOOLJOB,JOINDATE,CERTIFICATE,STATUS,LABJOB,TRAINNING,SKILL,REMARK) values ('kang','162054124','女','大三','山西汾阳','15364925795','15364925795@163.com','9','17','15','社团干部',to_date('10-10月-19','DD-MON-RR'),'已领取','正常','管理人员','有','爱学习','真的是好学生');
Insert into SCOTT.UOL_LABMEMBER (MEMBERNAME,MEMBERID,SEX,GRADE,BIRTHPLACE,PHONENUMBER,EMAIL,SCHOOLID,DEPTID,MAJORID,SCHOOLJOB,JOINDATE,CERTIFICATE,STATUS,LABJOB,TRAINNING,SKILL,REMARK) values ('hao liu','162052101','男','大三','山西','+8615364925795','15364925795@163.com','1','4','2','无',to_date('10-10月-19','DD-MON-RR'),'未领取','毕业','管理人员','有','没有特长','啦啦啦啦啦啦啦啦啦啦啦啦啦啦啦啦啦啦啦啦~');
Insert into SCOTT.UOL_LABMEMBER (MEMBERNAME,MEMBERID,SEX,GRADE,BIRTHPLACE,PHONENUMBER,EMAIL,SCHOOLID,DEPTID,MAJORID,SCHOOLJOB,JOINDATE,CERTIFICATE,STATUS,LABJOB,TRAINNING,SKILL,REMARK) values ('123','123','男','大三','河南沈丘','+8615364925795','15364925795@163.com','9','17','15','学生会干部',to_date('15-7月 -19','DD-MON-RR'),'已领取','正常','管理人员','有','修理东西~','<div align="left">很善良的孩子<br /></div>');
Insert into SCOTT.UOL_LABMEMBER (MEMBERNAME,MEMBERID,SEX,GRADE,BIRTHPLACE,PHONENUMBER,EMAIL,SCHOOLID,DEPTID,MAJORID,SCHOOLJOB,JOINDATE,CERTIFICATE,STATUS,LABJOB,TRAINNING,SKILL,REMARK) values ('Lingling','162056223','女','大三','山海','+8615364925795','15364925795@163.com','5','4','4','学生会干部',to_date('01-7月 -19','DD-MON-RR'),'未领取','正常','管理人员','有','修理东西~','很善良的一个孩子~');
Insert into SCOTT.UOL_LABMEMBER (MEMBERNAME,MEMBERID,SEX,GRADE,BIRTHPLACE,PHONENUMBER,EMAIL,SCHOOLID,DEPTID,MAJORID,SCHOOLJOB,JOINDATE,CERTIFICATE,STATUS,LABJOB,TRAINNING,SKILL,REMARK) values ('456','456','男','大二','河南沈丘','+8615364925795','15364925795@163.com','8','4','5','学生会干部',to_date('01-7月 -19','DD-MON-RR'),'未领取','正常','管理人员','有','修理东西~','很善良的一个孩子~');
REM INSERTING into SCOTT.UOL_CREDIT
SET DEFINE OFF;
Insert into SCOTT.UOL_CREDIT (STUNAME,STUID,SCORE,REMARK) values ('刘浩','56224','68','英语成绩，已经很高啦`');
Insert into SCOTT.UOL_CREDIT (STUNAME,STUID,SCORE,REMARK) values ('刘浩','162056224','94','操作系统');
Insert into SCOTT.UOL_CREDIT (STUNAME,STUID,SCORE,REMARK) values ('任云康','162054124','99','不能给他满分');
Insert into SCOTT.UOL_CREDIT (STUNAME,STUID,SCORE,REMARK) values ('任云康','162054128','99','不能给他满分');
Insert into SCOTT.UOL_CREDIT (STUNAME,STUID,SCORE,REMARK) values ('刘浩','162056225','94','操作系统');
Insert into SCOTT.UOL_CREDIT (STUNAME,STUID,SCORE,REMARK) values ('任云康','162054125','99','不能给他满分');
REM INSERTING into SCOTT.UOL_LABMEMBERVIEW
SET DEFINE OFF;
Insert into SCOTT.UOL_LABMEMBERVIEW (MEMBERNAME,MEMBERID,SEX,GRADE,BIRTHPLACE,PHONENUMBER,EMAIL,SCHOOLNAME,SCHOOLID,DEPTNAME,DEPTID,MAJORNAME,MAJORID,SCHOOLJOB,JOINDATE,CERTIFICATE,STATUS,LABJOB,TRAINNING,SKILL,REMARK) values ('123','123','男','大三','河南沈丘','+8615364925795','15364925795@163.com','清华大学','9','计算机学院','17','人工智能','15','学生会干部',to_date('15-7月 -19','DD-MON-RR'),'已领取','正常','管理人员','有','修理东西~','<div align="left">很善良的孩子<br /></div>');
Insert into SCOTT.UOL_LABMEMBERVIEW (MEMBERNAME,MEMBERID,SEX,GRADE,BIRTHPLACE,PHONENUMBER,EMAIL,SCHOOLNAME,SCHOOLID,DEPTNAME,DEPTID,MAJORNAME,MAJORID,SCHOOLJOB,JOINDATE,CERTIFICATE,STATUS,LABJOB,TRAINNING,SKILL,REMARK) values ('kang','162054124','女','大三','山西汾阳','15364925795','15364925795@163.com','清华大学','9','计算机学院','17','人工智能','15','社团干部',to_date('10-10月-19','DD-MON-RR'),'已领取','正常','管理人员','有','爱学习','真的是好学生');
Insert into SCOTT.UOL_LABMEMBERVIEW (MEMBERNAME,MEMBERID,SEX,GRADE,BIRTHPLACE,PHONENUMBER,EMAIL,SCHOOLNAME,SCHOOLID,DEPTNAME,DEPTID,MAJORNAME,MAJORID,SCHOOLJOB,JOINDATE,CERTIFICATE,STATUS,LABJOB,TRAINNING,SKILL,REMARK) values ('hao liu','162052101','男','大三','山西','+8615364925795','15364925795@163.com','太原工业学院','1','计算机工程系','4','法学','2','无',to_date('10-10月-19','DD-MON-RR'),'未领取','毕业','管理人员','有','没有特长','啦啦啦啦啦啦啦啦啦啦啦啦啦啦啦啦啦啦啦啦~');
Insert into SCOTT.UOL_LABMEMBERVIEW (MEMBERNAME,MEMBERID,SEX,GRADE,BIRTHPLACE,PHONENUMBER,EMAIL,SCHOOLNAME,SCHOOLID,DEPTNAME,DEPTID,MAJORNAME,MAJORID,SCHOOLJOB,JOINDATE,CERTIFICATE,STATUS,LABJOB,TRAINNING,SKILL,REMARK) values ('Haohao','162056226','男','大三','河南沈丘','+8615364925795','15364925795@163.com','太原工业学院','1','计算机工程系','4','计算机科学与技术','4','学生会干部',to_date('15-7月 -19','DD-MON-RR'),'已领取','正常','管理人员','有','修理东西~','很善良的一个孩子呀~');
Insert into SCOTT.UOL_LABMEMBERVIEW (MEMBERNAME,MEMBERID,SEX,GRADE,BIRTHPLACE,PHONENUMBER,EMAIL,SCHOOLNAME,SCHOOLID,DEPTNAME,DEPTID,MAJORNAME,MAJORID,SCHOOLJOB,JOINDATE,CERTIFICATE,STATUS,LABJOB,TRAINNING,SKILL,REMARK) values ('Haohao','162056224','男','大二','河南沈丘','+8615364925795','15364925795@163.com','太原工业学院','1','计算机工程系','4','软件工程','5','学生会干部',to_date('01-7月 -19','DD-MON-RR'),'未领取','正常','管理人员','有','修理东西~','很善良的一个孩子~');
Insert into SCOTT.UOL_LABMEMBERVIEW (MEMBERNAME,MEMBERID,SEX,GRADE,BIRTHPLACE,PHONENUMBER,EMAIL,SCHOOLNAME,SCHOOLID,DEPTNAME,DEPTID,MAJORNAME,MAJORID,SCHOOLJOB,JOINDATE,CERTIFICATE,STATUS,LABJOB,TRAINNING,SKILL,REMARK) values ('Lingling','162056223','女','大三','山海','+8615364925795','15364925795@163.com','太原科技大学','5','计算机工程系','4','计算机科学与技术','4','学生会干部',to_date('01-7月 -19','DD-MON-RR'),'未领取','正常','管理人员','有','修理东西~','很善良的一个孩子~');
Insert into SCOTT.UOL_LABMEMBERVIEW (MEMBERNAME,MEMBERID,SEX,GRADE,BIRTHPLACE,PHONENUMBER,EMAIL,SCHOOLNAME,SCHOOLID,DEPTNAME,DEPTID,MAJORNAME,MAJORID,SCHOOLJOB,JOINDATE,CERTIFICATE,STATUS,LABJOB,TRAINNING,SKILL,REMARK) values ('456','456','男','大二','河南沈丘','+8615364925795','15364925795@163.com','武汉大学','8','计算机工程系','4','软件工程','5','学生会干部',to_date('01-7月 -19','DD-MON-RR'),'未领取','正常','管理人员','有','修理东西~','很善良的一个孩子~');
--------------------------------------------------------
--  DDL for Index UOL_MAJOR_PK
--------------------------------------------------------

  CREATE UNIQUE INDEX "SCOTT"."UOL_MAJOR_PK" ON "SCOTT"."UOL_MAJOR" ("MAJORID") 
  PCTFREE 10 INITRANS 2 MAXTRANS 255 COMPUTE STATISTICS 
  STORAGE(INITIAL 65536 NEXT 1048576 MINEXTENTS 1 MAXEXTENTS 2147483645
  PCTINCREASE 0 FREELISTS 1 FREELIST GROUPS 1 BUFFER_POOL DEFAULT FLASH_CACHE DEFAULT CELL_FLASH_CACHE DEFAULT)
  TABLESPACE "USERS" ;
--------------------------------------------------------
--  DDL for Index UOL_COURSMEMBER_PK
--------------------------------------------------------

  CREATE UNIQUE INDEX "SCOTT"."UOL_COURSMEMBER_PK" ON "SCOTT"."UOL_COURSEMEMBER" ("MEMBERID") 
  PCTFREE 10 INITRANS 2 MAXTRANS 255 COMPUTE STATISTICS 
  STORAGE(INITIAL 65536 NEXT 1048576 MINEXTENTS 1 MAXEXTENTS 2147483645
  PCTINCREASE 0 FREELISTS 1 FREELIST GROUPS 1 BUFFER_POOL DEFAULT FLASH_CACHE DEFAULT CELL_FLASH_CACHE DEFAULT)
  TABLESPACE "USERS" ;
--------------------------------------------------------
--  DDL for Index UOL_SCHOOLUOL_SCHOOL_PK
--------------------------------------------------------

  CREATE UNIQUE INDEX "SCOTT"."UOL_SCHOOLUOL_SCHOOL_PK" ON "SCOTT"."UOL_SCHOOL" ("SCHOOLID") 
  PCTFREE 10 INITRANS 2 MAXTRANS 255 COMPUTE STATISTICS 
  STORAGE(INITIAL 65536 NEXT 1048576 MINEXTENTS 1 MAXEXTENTS 2147483645
  PCTINCREASE 0 FREELISTS 1 FREELIST GROUPS 1 BUFFER_POOL DEFAULT FLASH_CACHE DEFAULT CELL_FLASH_CACHE DEFAULT)
  TABLESPACE "USERS" ;
--------------------------------------------------------
--  DDL for Index UOL_DEPARTMENT_PK
--------------------------------------------------------

  CREATE UNIQUE INDEX "SCOTT"."UOL_DEPARTMENT_PK" ON "SCOTT"."UOL_DEPARTMENT" ("DEPTID") 
  PCTFREE 10 INITRANS 2 MAXTRANS 255 COMPUTE STATISTICS 
  STORAGE(INITIAL 65536 NEXT 1048576 MINEXTENTS 1 MAXEXTENTS 2147483645
  PCTINCREASE 0 FREELISTS 1 FREELIST GROUPS 1 BUFFER_POOL DEFAULT FLASH_CACHE DEFAULT CELL_FLASH_CACHE DEFAULT)
  TABLESPACE "USERS" ;
--------------------------------------------------------
--  DDL for Index TABLE1_PK
--------------------------------------------------------

  CREATE UNIQUE INDEX "SCOTT"."TABLE1_PK" ON "SCOTT"."UOL_USER" ("USERID") 
  PCTFREE 10 INITRANS 2 MAXTRANS 255 COMPUTE STATISTICS 
  STORAGE(INITIAL 65536 NEXT 1048576 MINEXTENTS 1 MAXEXTENTS 2147483645
  PCTINCREASE 0 FREELISTS 1 FREELIST GROUPS 1 BUFFER_POOL DEFAULT FLASH_CACHE DEFAULT CELL_FLASH_CACHE DEFAULT)
  TABLESPACE "USERS" ;
--------------------------------------------------------
--  DDL for Index UOL_OPENCOURSE_PK
--------------------------------------------------------

  CREATE UNIQUE INDEX "SCOTT"."UOL_OPENCOURSE_PK" ON "SCOTT"."UOL_OPENCOURSE" ("COURSEID") 
  PCTFREE 10 INITRANS 2 MAXTRANS 255 COMPUTE STATISTICS 
  STORAGE(INITIAL 65536 NEXT 1048576 MINEXTENTS 1 MAXEXTENTS 2147483645
  PCTINCREASE 0 FREELISTS 1 FREELIST GROUPS 1 BUFFER_POOL DEFAULT FLASH_CACHE DEFAULT CELL_FLASH_CACHE DEFAULT)
  TABLESPACE "USERS" ;
--------------------------------------------------------
--  DDL for Index UOL_LABMEMBER_PK
--------------------------------------------------------

  CREATE UNIQUE INDEX "SCOTT"."UOL_LABMEMBER_PK" ON "SCOTT"."UOL_LABMEMBER" ("MEMBERID") 
  PCTFREE 10 INITRANS 2 MAXTRANS 255 COMPUTE STATISTICS 
  STORAGE(INITIAL 65536 NEXT 1048576 MINEXTENTS 1 MAXEXTENTS 2147483645
  PCTINCREASE 0 FREELISTS 1 FREELIST GROUPS 1 BUFFER_POOL DEFAULT FLASH_CACHE DEFAULT CELL_FLASH_CACHE DEFAULT)
  TABLESPACE "USERS" ;
--------------------------------------------------------
--  DDL for Index UOL_CREDIT_PK
--------------------------------------------------------

  CREATE UNIQUE INDEX "SCOTT"."UOL_CREDIT_PK" ON "SCOTT"."UOL_CREDIT" ("STUID") 
  PCTFREE 10 INITRANS 2 MAXTRANS 255 COMPUTE STATISTICS 
  STORAGE(INITIAL 65536 NEXT 1048576 MINEXTENTS 1 MAXEXTENTS 2147483645
  PCTINCREASE 0 FREELISTS 1 FREELIST GROUPS 1 BUFFER_POOL DEFAULT FLASH_CACHE DEFAULT CELL_FLASH_CACHE DEFAULT)
  TABLESPACE "USERS" ;
--------------------------------------------------------
--  DDL for Trigger DELETE_SCHOOL
--------------------------------------------------------

  CREATE OR REPLACE TRIGGER "SCOTT"."DELETE_SCHOOL" 
BEFORE DELETE ON uol_school
FOR EACH ROW
-- DECLARE 
-- pragma autonomous_transaction;
BEGIN
    -- DELETE uol_major WHERE deptid IN (SELECT deptid FROM uol_department WHERE schoolid IN (SELECT schoolid FROM uol_school WHERE schoolname = :old.schoolname));
    -- DELETE uol_department WHERE schoolid IN (SELECT schoolid FROM uol_school WHERE schoolname = :old.schoolname);
    -- commit;
    
    DELETE uol_department WHERE schoolid = :old.schoolid;
END;
/
ALTER TRIGGER "SCOTT"."DELETE_SCHOOL" ENABLE;
--------------------------------------------------------
--  DDL for Trigger TRIGGER2
--------------------------------------------------------

  CREATE OR REPLACE TRIGGER "SCOTT"."TRIGGER2" 
BEFORE DELETE ON uol_school
FOR EACH ROW
BEGIN
   DELETE FROM uol_department  WHERE schoolid = :old.schoolid;
END;
/
ALTER TRIGGER "SCOTT"."TRIGGER2" DISABLE;
--------------------------------------------------------
--  DDL for Trigger DELETE_DEPARTMENT
--------------------------------------------------------

  CREATE OR REPLACE TRIGGER "SCOTT"."DELETE_DEPARTMENT" 
BEFORE DELETE ON uol_department
FOR EACH ROW
BEGIN
 DELETE FROM uol_major WHERE deptid=:old.deptid;
END;
/
ALTER TRIGGER "SCOTT"."DELETE_DEPARTMENT" DISABLE;
--------------------------------------------------------
--  Constraints for Table UOL_MAJOR
--------------------------------------------------------

  ALTER TABLE "SCOTT"."UOL_MAJOR" MODIFY ("MAJORID" NOT NULL ENABLE);
 
  ALTER TABLE "SCOTT"."UOL_MAJOR" MODIFY ("MAJORNAME" NOT NULL ENABLE);
 
  ALTER TABLE "SCOTT"."UOL_MAJOR" MODIFY ("DEPTID" NOT NULL ENABLE);
 
  ALTER TABLE "SCOTT"."UOL_MAJOR" MODIFY ("SCHOOLID" NOT NULL ENABLE);
 
  ALTER TABLE "SCOTT"."UOL_MAJOR" ADD CONSTRAINT "UOL_MAJOR_PK" PRIMARY KEY ("MAJORID")
  USING INDEX PCTFREE 10 INITRANS 2 MAXTRANS 255 COMPUTE STATISTICS 
  STORAGE(INITIAL 65536 NEXT 1048576 MINEXTENTS 1 MAXEXTENTS 2147483645
  PCTINCREASE 0 FREELISTS 1 FREELIST GROUPS 1 BUFFER_POOL DEFAULT FLASH_CACHE DEFAULT CELL_FLASH_CACHE DEFAULT)
  TABLESPACE "USERS"  ENABLE;
--------------------------------------------------------
--  Constraints for Table UOL_COURSEMEMBER
--------------------------------------------------------

  ALTER TABLE "SCOTT"."UOL_COURSEMEMBER" MODIFY ("MEMBERID" NOT NULL ENABLE);
 
  ALTER TABLE "SCOTT"."UOL_COURSEMEMBER" MODIFY ("COURSEDATE" NOT NULL ENABLE);
 
  ALTER TABLE "SCOTT"."UOL_COURSEMEMBER" MODIFY ("MEMBERNAME" NOT NULL ENABLE);
 
  ALTER TABLE "SCOTT"."UOL_COURSEMEMBER" MODIFY ("SEX" NOT NULL ENABLE);
 
  ALTER TABLE "SCOTT"."UOL_COURSEMEMBER" MODIFY ("SCHOOL" NOT NULL ENABLE);
 
  ALTER TABLE "SCOTT"."UOL_COURSEMEMBER" MODIFY ("DEPARTMENT" NOT NULL ENABLE);
 
  ALTER TABLE "SCOTT"."UOL_COURSEMEMBER" MODIFY ("GRADE" NOT NULL ENABLE);
 
  ALTER TABLE "SCOTT"."UOL_COURSEMEMBER" MODIFY ("PHONENUMBER" NOT NULL ENABLE);
 
  ALTER TABLE "SCOTT"."UOL_COURSEMEMBER" MODIFY ("EMAIL" NOT NULL ENABLE);
 
  ALTER TABLE "SCOTT"."UOL_COURSEMEMBER" ADD CONSTRAINT "UOL_COURSMEMBER_PK" PRIMARY KEY ("MEMBERID")
  USING INDEX PCTFREE 10 INITRANS 2 MAXTRANS 255 COMPUTE STATISTICS 
  STORAGE(INITIAL 65536 NEXT 1048576 MINEXTENTS 1 MAXEXTENTS 2147483645
  PCTINCREASE 0 FREELISTS 1 FREELIST GROUPS 1 BUFFER_POOL DEFAULT FLASH_CACHE DEFAULT CELL_FLASH_CACHE DEFAULT)
  TABLESPACE "USERS"  ENABLE;
--------------------------------------------------------
--  Constraints for Table UOL_SCHOOL
--------------------------------------------------------

  ALTER TABLE "SCOTT"."UOL_SCHOOL" MODIFY ("SCHOOLID" NOT NULL ENABLE);
 
  ALTER TABLE "SCOTT"."UOL_SCHOOL" MODIFY ("SCHOOLNAME" NOT NULL ENABLE);
 
  ALTER TABLE "SCOTT"."UOL_SCHOOL" ADD CONSTRAINT "UOL_SCHOOLUOL_SCHOOL_PK" PRIMARY KEY ("SCHOOLID")
  USING INDEX PCTFREE 10 INITRANS 2 MAXTRANS 255 COMPUTE STATISTICS 
  STORAGE(INITIAL 65536 NEXT 1048576 MINEXTENTS 1 MAXEXTENTS 2147483645
  PCTINCREASE 0 FREELISTS 1 FREELIST GROUPS 1 BUFFER_POOL DEFAULT FLASH_CACHE DEFAULT CELL_FLASH_CACHE DEFAULT)
  TABLESPACE "USERS"  ENABLE;
--------------------------------------------------------
--  Constraints for Table UOL_DEPARTMENT
--------------------------------------------------------

  ALTER TABLE "SCOTT"."UOL_DEPARTMENT" MODIFY ("DEPTID" NOT NULL ENABLE);
 
  ALTER TABLE "SCOTT"."UOL_DEPARTMENT" MODIFY ("DEPTNAME" NOT NULL ENABLE);
 
  ALTER TABLE "SCOTT"."UOL_DEPARTMENT" MODIFY ("SCHOOLID" NOT NULL ENABLE);
 
  ALTER TABLE "SCOTT"."UOL_DEPARTMENT" ADD CONSTRAINT "UOL_DEPARTMENT_PK" PRIMARY KEY ("DEPTID")
  USING INDEX PCTFREE 10 INITRANS 2 MAXTRANS 255 COMPUTE STATISTICS 
  STORAGE(INITIAL 65536 NEXT 1048576 MINEXTENTS 1 MAXEXTENTS 2147483645
  PCTINCREASE 0 FREELISTS 1 FREELIST GROUPS 1 BUFFER_POOL DEFAULT FLASH_CACHE DEFAULT CELL_FLASH_CACHE DEFAULT)
  TABLESPACE "USERS"  ENABLE;
--------------------------------------------------------
--  Constraints for Table UOL_USER
--------------------------------------------------------

  ALTER TABLE "SCOTT"."UOL_USER" MODIFY ("USERID" NOT NULL ENABLE);
 
  ALTER TABLE "SCOTT"."UOL_USER" MODIFY ("USERNAME" NOT NULL ENABLE);
 
  ALTER TABLE "SCOTT"."UOL_USER" MODIFY ("USERPWD" NOT NULL ENABLE);
 
  ALTER TABLE "SCOTT"."UOL_USER" MODIFY ("REALNAME" NOT NULL ENABLE);
 
  ALTER TABLE "SCOTT"."UOL_USER" MODIFY ("SEX" NOT NULL ENABLE);
 
  ALTER TABLE "SCOTT"."UOL_USER" MODIFY ("STATUS" NOT NULL ENABLE);
 
  ALTER TABLE "SCOTT"."UOL_USER" MODIFY ("JOB" NOT NULL ENABLE);
 
  ALTER TABLE "SCOTT"."UOL_USER" ADD CONSTRAINT "TABLE1_PK" PRIMARY KEY ("USERID")
  USING INDEX PCTFREE 10 INITRANS 2 MAXTRANS 255 COMPUTE STATISTICS 
  STORAGE(INITIAL 65536 NEXT 1048576 MINEXTENTS 1 MAXEXTENTS 2147483645
  PCTINCREASE 0 FREELISTS 1 FREELIST GROUPS 1 BUFFER_POOL DEFAULT FLASH_CACHE DEFAULT CELL_FLASH_CACHE DEFAULT)
  TABLESPACE "USERS"  ENABLE;
--------------------------------------------------------
--  Constraints for Table UOL_OPENCOURSE
--------------------------------------------------------

  ALTER TABLE "SCOTT"."UOL_OPENCOURSE" MODIFY ("COURSEID" NOT NULL ENABLE);
 
  ALTER TABLE "SCOTT"."UOL_OPENCOURSE" MODIFY ("COURSEDATE" NOT NULL ENABLE);
 
  ALTER TABLE "SCOTT"."UOL_OPENCOURSE" MODIFY ("COURSENAME" NOT NULL ENABLE);
 
  ALTER TABLE "SCOTT"."UOL_OPENCOURSE" MODIFY ("SPEAKERNAME" NOT NULL ENABLE);
 
  ALTER TABLE "SCOTT"."UOL_OPENCOURSE" MODIFY ("ORGANIZERNAME" NOT NULL ENABLE);
 
  ALTER TABLE "SCOTT"."UOL_OPENCOURSE" MODIFY ("PLACE" NOT NULL ENABLE);
 
  ALTER TABLE "SCOTT"."UOL_OPENCOURSE" MODIFY ("SCHOOL" NOT NULL ENABLE);
 
  ALTER TABLE "SCOTT"."UOL_OPENCOURSE" MODIFY ("DEPARTMENT" NOT NULL ENABLE);
 
  ALTER TABLE "SCOTT"."UOL_OPENCOURSE" MODIFY ("GRADE" NOT NULL ENABLE);
 
  ALTER TABLE "SCOTT"."UOL_OPENCOURSE" ADD CONSTRAINT "UOL_OPENCOURSE_PK" PRIMARY KEY ("COURSEID")
  USING INDEX PCTFREE 10 INITRANS 2 MAXTRANS 255 COMPUTE STATISTICS 
  STORAGE(INITIAL 65536 NEXT 1048576 MINEXTENTS 1 MAXEXTENTS 2147483645
  PCTINCREASE 0 FREELISTS 1 FREELIST GROUPS 1 BUFFER_POOL DEFAULT FLASH_CACHE DEFAULT CELL_FLASH_CACHE DEFAULT)
  TABLESPACE "USERS"  ENABLE;
--------------------------------------------------------
--  Constraints for Table UOL_LABMEMBER
--------------------------------------------------------

  ALTER TABLE "SCOTT"."UOL_LABMEMBER" MODIFY ("MEMBERNAME" NOT NULL ENABLE);
 
  ALTER TABLE "SCOTT"."UOL_LABMEMBER" MODIFY ("MEMBERID" NOT NULL ENABLE);
 
  ALTER TABLE "SCOTT"."UOL_LABMEMBER" MODIFY ("SEX" NOT NULL ENABLE);
 
  ALTER TABLE "SCOTT"."UOL_LABMEMBER" MODIFY ("GRADE" NOT NULL ENABLE);
 
  ALTER TABLE "SCOTT"."UOL_LABMEMBER" MODIFY ("BIRTHPLACE" NOT NULL ENABLE);
 
  ALTER TABLE "SCOTT"."UOL_LABMEMBER" MODIFY ("PHONENUMBER" NOT NULL ENABLE);
 
  ALTER TABLE "SCOTT"."UOL_LABMEMBER" MODIFY ("EMAIL" NOT NULL ENABLE);
 
  ALTER TABLE "SCOTT"."UOL_LABMEMBER" MODIFY ("SCHOOLID" NOT NULL ENABLE);
 
  ALTER TABLE "SCOTT"."UOL_LABMEMBER" MODIFY ("DEPTID" NOT NULL ENABLE);
 
  ALTER TABLE "SCOTT"."UOL_LABMEMBER" MODIFY ("MAJORID" NOT NULL ENABLE);
 
  ALTER TABLE "SCOTT"."UOL_LABMEMBER" MODIFY ("SCHOOLJOB" NOT NULL ENABLE);
 
  ALTER TABLE "SCOTT"."UOL_LABMEMBER" MODIFY ("CERTIFICATE" NOT NULL ENABLE);
 
  ALTER TABLE "SCOTT"."UOL_LABMEMBER" MODIFY ("STATUS" NOT NULL ENABLE);
 
  ALTER TABLE "SCOTT"."UOL_LABMEMBER" MODIFY ("LABJOB" NOT NULL ENABLE);
 
  ALTER TABLE "SCOTT"."UOL_LABMEMBER" MODIFY ("TRAINNING" NOT NULL ENABLE);
 
  ALTER TABLE "SCOTT"."UOL_LABMEMBER" MODIFY ("SKILL" NOT NULL ENABLE);
 
  ALTER TABLE "SCOTT"."UOL_LABMEMBER" MODIFY ("JOINDATE" NOT NULL ENABLE);
 
  ALTER TABLE "SCOTT"."UOL_LABMEMBER" ADD CONSTRAINT "UOL_LABMEMBER_PK" PRIMARY KEY ("MEMBERID")
  USING INDEX PCTFREE 10 INITRANS 2 MAXTRANS 255 COMPUTE STATISTICS 
  STORAGE(INITIAL 65536 NEXT 1048576 MINEXTENTS 1 MAXEXTENTS 2147483645
  PCTINCREASE 0 FREELISTS 1 FREELIST GROUPS 1 BUFFER_POOL DEFAULT FLASH_CACHE DEFAULT CELL_FLASH_CACHE DEFAULT)
  TABLESPACE "USERS"  ENABLE;
--------------------------------------------------------
--  Constraints for Table UOL_CREDIT
--------------------------------------------------------

  ALTER TABLE "SCOTT"."UOL_CREDIT" MODIFY ("STUNAME" NOT NULL ENABLE);
 
  ALTER TABLE "SCOTT"."UOL_CREDIT" MODIFY ("STUID" NOT NULL ENABLE);
 
  ALTER TABLE "SCOTT"."UOL_CREDIT" MODIFY ("SCORE" NOT NULL ENABLE);
 
  ALTER TABLE "SCOTT"."UOL_CREDIT" MODIFY ("REMARK" NOT NULL ENABLE);
 
  ALTER TABLE "SCOTT"."UOL_CREDIT" ADD CONSTRAINT "UOL_CREDIT_PK" PRIMARY KEY ("STUID")
  USING INDEX PCTFREE 10 INITRANS 2 MAXTRANS 255 COMPUTE STATISTICS 
  STORAGE(INITIAL 65536 NEXT 1048576 MINEXTENTS 1 MAXEXTENTS 2147483645
  PCTINCREASE 0 FREELISTS 1 FREELIST GROUPS 1 BUFFER_POOL DEFAULT FLASH_CACHE DEFAULT CELL_FLASH_CACHE DEFAULT)
  TABLESPACE "USERS"  ENABLE;
